{"width": 1920, "height": 1080, "fx": 1153.24951171875, "fy": 1153.24951171875, "px": 952.6605834960938, "py": 526.54736328125, "dist_coeffs": [2.703267812728882, 7.070939540863037, 0.00046289729652926326, 0.0009217377519235015, -1.177968978881836, 2.820115804672241, 8.292820930480957, -0.521291196346283, 0.0, 0.0, 0.0, 0.0, 0.0, 0.0]}
